{
  "model": "xgboost",
  "rmse_train": 0.014819385271120589,
  "rmse_test": 0.04920749424994998,
  "mae_test": 0.07320601823161633,
  "r2_train": 0.9861326700761948,
  "r2_test": 0.9542458819535645
}