{
  "RMSE": 0.22227201127417887,
  "MAE": 0.06132661306444106,
  "R2_test": 0.9540623794003216,
  "R2_train": 0.9932756633136688
}