{
  "RMSE": 0.22242374572723186,
  "MAE": 0.06129942794193111,
  "R2_test": 0.9539996391673256,
  "R2_train": 0.9933075353671268
}