{
  "model": "linear_regression",
  "rmse_train": 0.13020664720742997,
  "rmse_test": 0.13891244981013537,
  "mae_test": 0.24451642535207369,
  "r2_train": 0.8781583377404556,
  "r2_test": 0.8708364097052363
}