{
  "RMSE": 0.2197082698033857,
  "MAE": 0.07567652121953182,
  "R2_test": 0.9551159801239557,
  "R2_train": 0.9861911883064793
}