{
  "model": "random_forest",
  "rmse_train": 0.007223276327379372,
  "rmse_test": 0.04987436420272981,
  "mae_test": 0.062411916238199604,
  "r2_train": 0.9932407752325743,
  "r2_test": 0.9536258128562412
}