{
  "RMSE": 0.22286022335394645,
  "MAE": 0.07628082225267285,
  "R2_test": 0.9538189225930748,
  "R2_train": 0.9860914678192623
}