{
  "RMSE": 0.38245920593501337,
  "MAE": 0.24195928917105228,
  "R2_test": 0.8639905213262435,
  "R2_train": 0.871063509721975
}